first,last,identity,agreement
26,109,0.6785714285714286,0.7142857142857143
172,236,0.6153846153846154,0.6153846153846154
217,277,0.7213114754098361,0.7377049180327869
240,298,0.423728813559322,0.576271186440678
274,338,0.6153846153846154,0.6153846153846154
5654,5708,0.7636363636363637,0.7636363636363637
6387,6453,0.8507462686567164,0.8507462686567164
9569,9623,0.41818181818181815,0.4909090909090909
10465,10526,0.43548387096774194,0.5
12154,12208,0.6,0.7090909090909091
12193,12254,0.8225806451612904,0.8225806451612904
12269,12323,0.43636363636363634,0.5454545454545454
12772,12827,0.375,0.4642857142857143
12886,12944,0.4067796610169492,0.4915254237288136
12949,13010,0.43548387096774194,0.6935483870967742
13348,13403,0.3392857142857143,0.4642857142857143
13371,13436,0.24242424242424243,0.3181818181818182
13439,13507,0.34782608695652173,0.4492753623188406
13470,13529,0.36666666666666664,0.48333333333333334
13656,13711,0.5892857142857143,0.5892857142857143
13743,13798,0.8392857142857143,0.8392857142857143
14631,14707,0.4935064935064935,0.5974025974025974
14679,14737,0.6949152542372882,0.8135593220338984
14731,14797,0.6716417910447762,0.7164179104477612
14862,14920,0.6779661016949152,0.6779661016949152
14973,15028,0.35714285714285715,0.44642857142857145
15051,15118,0.4117647058823529,0.5294117647058824
15105,15160,0.4642857142857143,0.5714285714285714
15222,15277,0.3392857142857143,0.42857142857142855
15331,15387,0.42105263157894735,0.543859649122807
16411,16465,0.36363636363636365,0.5454545454545454
16815,16870,0.8928571428571429,0.8928571428571429
16998,17059,0.4032258064516129,0.5645161290322581
17121,17176,0.48214285714285715,0.5178571428571429
17511,17566,0.7678571428571429,0.7857142857142857
17727,17785,0.7796610169491526,0.7796610169491526
17838,17896,0.8983050847457628,0.8983050847457628
18177,18235,0.7457627118644068,0.7457627118644068
19605,19659,0.36363636363636365,0.4727272727272727
20094,20150,0.543859649122807,0.543859649122807
25374,25429,1.0,1.0
25528,25582,0.38181818181818183,0.5818181818181818
26172,26247,0.3815789473684211,0.4342105263157895
26213,26281,0.5797101449275363,0.6376811594202898
26250,26320,0.6197183098591549,0.6197183098591549
26295,26350,0.5535714285714286,0.5535714285714286
26313,26414,0.6078431372549019,0.6078431372549019
26406,26461,0.5535714285714286,0.5535714285714286
26446,26501,0.5892857142857143,0.7857142857142857
26478,26534,0.40350877192982454,0.543859649122807
26765,26820,0.6607142857142857,0.7142857142857143
27014,27082,0.7101449275362319,0.7101449275362319
27074,27131,0.3275862068965517,0.5689655172413793
27146,27201,0.2857142857142857,0.48214285714285715
27164,27232,0.6521739130434783,0.7246376811594203
27367,27425,0.3898305084745763,0.4745762711864407
27498,27553,0.35714285714285715,0.6071428571428571
27752,27813,0.5161290322580645,0.5161290322580645
27776,27838,0.6507936507936508,0.6984126984126984
28251,28313,0.3492063492063492,0.47619047619047616
28387,28442,0.5535714285714286,0.6428571428571429
28494,28556,0.7301587301587301,0.746031746031746
28654,28708,0.45454545454545453,0.6545454545454545
28725,28814,0.4111111111111111,0.6333333333333333
28852,28906,0.6545454545454545,0.7090909090909091
28963,29017,0.8181818181818182,0.8181818181818182
28990,29054,0.8461538461538461,0.8461538461538461
29155,29216,0.8870967741935484,0.9354838709677419
29209,29272,0.328125,0.578125
29266,29325,0.55,0.75
29339,29414,0.5657894736842105,0.6578947368421053
29524,29586,0.3492063492063492,0.5714285714285714
29579,29650,0.3888888888888889,0.5555555555555556
29633,29707,0.5733333333333334,0.6666666666666666
29670,29727,0.4827586206896552,0.6896551724137931
29690,29744,0.3090909090909091,0.5818181818181818
29714,29777,0.8125,0.8125
29767,29877,0.45045045045045046,0.4954954954954955
29852,29882,0.7419354838709677,0.7419354838709677
