first,last
150,160
225,234
244,255
264,273
355,367
448,457
487,496
624,641
723,732
757,772
848,867
938,948
1048,1062
1198,1208
1546,1561
1607,1618
1690,1706
1709,1719
1815,1825
1886,1895
1918,1929
1974,1983
2033,2050
2165,2175
2194,2209
2617,2627
2715,2726
2890,2899
2922,2936
2950,2960
2976,2987
3084,3102
3182,3194
3451,3460
3462,3471
3534,3545
3565,3576
3607,3625
3684,3694
3972,3981
4088,4100
4160,4171
4318,4328
4498,4510
4568,4578
4637,4650
4846,4863
4914,4923
4930,4947
4951,4967
5085,5094
5107,5117
5121,5131
5272,5281
5367,5376
5426,5437
5602,5620
5732,5742
5929,5938
6050,6066
6185,6202
6217,6226
6338,6349
6403,6413
6450,6462
6486,6500
6734,6743
6815,6827
6878,6887
6935,6956
7061,7072
7126,7139
7208,7217
7238,7248
7279,7291
7543,7554
7640,7652
7654,7666
7679,7690
7719,7729
7731,7742
7768,7778
7960,7969
7971,7990
8004,8015
8061,8074
8168,8177
8263,8274
8414,8433
8756,8765
8780,8789
8998,9008
9253,9266
9318,9335
9387,9405
9590,9599
9729,9738
9756,9768
9865,9875
9903,9912
10084,10104
10116,10129
10151,10160
10199,10208
10211,10226
10287,10298
10400,10410
10436,10446
10457,10467
10473,10483
10672,10692
10982,10994
11059,11069
11244,11253
11255,11265
11306,11326
11420,11431
11460,11470
11578,11591
11661,11671
11740,11751
11778,11789
11980,11989
12015,12024
12311,12323
12328,12337
12380,12392
12526,12535
12545,12554
12589,12598
12792,12803
12922,12934
12987,13000
13106,13125
13339,13348
13366,13379
13503,13513
13527,13536
13594,13603
13624,13633
13670,13679
13877,13887
13929,13939
13991,14002
14035,14044
14069,14081
14146,14155
14195,14205
14428,14441
14444,14453
14526,14535
14629,14641
14690,14699
14707,14716
14790,14802
14810,14822
14862,14872
14890,14899
14916,14938
14996,15007
15038,15051
15114,15127
15143,15153
15220,15230
15248,15258
15336,15346
15602,15615
15654,15664
15738,15750
15825,15835
15912,15925
16054,16063
16075,16084
16119,16131
16340,16353
16521,16536
16647,16656
16715,16726
16737,16750
16776,16791
16840,16849
16896,16906
16926,16939
17106,17120
17137,17159
17180,17193
17236,17246
17317,17326
17388,17401
17430,17439
17477,17486
17505,17514
17594,17607
18004,18018
18037,18046
18112,18123
18324,18335
18390,18399
18612,18632
18671,18680
18743,18752
18766,18783
18803,18813
18843,18858
18862,18881
18886,18899
18951,18964
18992,19002
19117,19131
19192,19206
19249,19259
19317,19328
19339,19361
19366,19376
19486,19501
19613,19623
19726,19742
19876,19885
19974,19983
20063,20074
20076,20085
20269,20283
20286,20295
20321,20330
20365,20381
20456,20465
20492,20503
20521,20530
20534,20543
20550,20569
20617,20627
20668,20677
20683,20694
20806,20816
20834,20843
20893,20908
20915,20927
21035,21045
21098,21108
21143,21170
21186,21201
21277,21289
21294,21303
21597,21606
21804,21813
21860,21874
21914,21929
21960,21970
21980,21989
22000,22009
22080,22096
22171,22183
22234,22243
22331,22343
22460,22473
22516,22527
22625,22642
22646,22655
22813,22823
22863,22872
22900,22914
22946,22958
23338,23347
23419,23429
23493,23503
23511,23521
23543,23553
23614,23625
23644,23654
23721,23736
23782,23797
23904,23916
23974,23983
24085,24094
24188,24197
24342,24360
24412,24422
24483,24495
24521,24531
24546,24556
24795,24807
24836,24847
24866,24875
24889,24898
24939,24950
24975,24989
25049,25059
25144,25155
25233,25242
25290,25300
25340,25349
25380,25389
25398,25407
25439,25449
25533,25545
25622,25632
25732,25743
25748,25759
25870,25883
25893,25902
25906,25915
25937,25946
25950,25959
25975,25984
26026,26041
26047,26056
26079,26088
26113,26123
26131,26150
26289,26305
26355,26365
26575,26588
26593,26608
26646,26660
26751,26761
26763,26772
26937,26946
26961,26971
27065,27074
27079,27100
27172,27181
27193,27204
27498,27510
27723,27733
27859,27874
27928,27941
27957,27972
28013,28024
28033,28044
28096,28118
28120,28129
28182,28191
28254,28265
28366,28377
28392,28401
28616,28625
28637,28648
28796,28806
28869,28879
28936,28946
29026,29037
29041,29052
29452,29463
29559,29569
29595,29613
29667,29676
